

INSERT INTO `addon_account` (name, label, shared) VALUES
	('society_cardealertruck','Concessionnaire Truck',1)
;

INSERT INTO `addon_inventory` (name, label, shared) VALUES
	('society_cardealertruck','Concesionnaire Truck',1)
;

INSERT INTO `jobs` (name, label) VALUES
	('cardealertruck','Concessionnaire Truck')
;

INSERT INTO `job_grades` (job_name, grade, name, label, salary, skin_male, skin_female) VALUES
	('cardealertruck',0,'recruit','Recrue',10,'{}','{}'),
	('cardealertruck',1,'novice','Novice',25,'{}','{}'),
	('cardealertruck',2,'experienced','Experimente',40,'{}','{}'),
	('cardealertruck',3,'boss','Patron',0,'{}','{}')
;

CREATE TABLE `cardealertruck_vehicles` (
	`id` int(11) NOT NULL AUTO_INCREMENT,
	`vehicle` varchar(255) NOT NULL,
	`price` int(11) NOT NULL,

	PRIMARY KEY (`id`)
);

CREATE TABLE `cardealertruck_sold` (
	`client` VARCHAR(50) NOT NULL,
	`model` VARCHAR(50) NOT NULL,
	`plate` VARCHAR(50) NOT NULL,
	`soldby` VARCHAR(50) NOT NULL,
	`date` VARCHAR(50) NOT NULL,

	PRIMARY KEY (`plate`)
);

CREATE TABLE `cardealertruck_categories` (
	`name` varchar(60) NOT NULL,
	`label` varchar(60) NOT NULL,

	PRIMARY KEY (`name`)
);

INSERT INTO `cardealertruck_categories` (`name`, `label`) VALUES
('suvs', 'SUV'),
('vans', 'Vans'),
('muscle', 'Muscle'),
('offroad', 'Off Road');

CREATE TABLE `cardealertruck` (
	`name` varchar(60) NOT NULL,
	`model` varchar(60) NOT NULL,
	`price` int(11) NOT NULL,
	`category` varchar(60) DEFAULT NULL,

	PRIMARY KEY (`model`)
);

INSERT INTO `cardealertruck` (name, model, price, category) VALUES
	('Blade','blade',15000,'muscle'),
	('Buccaneer','buccaneer',18000,'muscle'),
	('Buccaneer Rider','buccaneer2',24000,'muscle'),
	('Chino','chino',15000,'muscle'),
	('Chino Luxe','chino2',19000,'muscle'),
	('Coquette BlackFin','coquette3',55000,'muscle'),
	('Dominator','dominator',35000,'muscle'),
	('Dukes','dukes',28000,'muscle'),
	('Gauntlet','gauntlet',30000,'muscle'),
	('Hotknife','hotknife',125000,'muscle'),
	('Faction','faction',20000,'muscle'),
	('Faction Rider','faction2',30000,'muscle'),
	('Faction XL','faction3',40000,'muscle'),
	('Nightshade','nightshade',65000,'muscle'),
	('Phoenix','phoenix',12500,'muscle'),
	('Picador','picador',18000,'muscle'),
	('Sabre Turbo','sabregt',20000,'muscle'),
	('Sabre GT','sabregt2',25000,'muscle'),
	('Slam Van','slamvan3',11500,'muscle'),
	('Tampa','tampa',16000,'muscle'),
	('Virgo','virgo',14000,'muscle'),
	('Vigero','vigero',12500,'muscle'),
	('Voodoo','voodoo',7200,'muscle'),
	('Bison','bison',45000,'vans'),
	('Bobcat XL','bobcatxl',32000,'vans'),
	('Burrito','burrito3',19000,'vans'),
	('Burrito','gburrito2',29000,'vans'),
	('Camper','camper',42000,'vans'),
	('Gang Burrito','gburrito',45000,'vans'),
	('Journey','journey',6500,'vans'),
	('Minivan','minivan',13000,'vans'),
	('Moonbeam','moonbeam',18000,'vans'),
	('Moonbeam Rider','moonbeam2',35000,'vans'),
	('Paradise','paradise',19000,'vans'),
	('Rumpo','rumpo',15000,'vans'),
	('Rumpo Trail','rumpo3',19500,'vans'),
	('Surfer','surfer',12000,'vans'),
	('Youga','youga',10800,'vans'),
	('Youga Luxuary','youga2',14500,'vans'),
	('Baller','baller2',40000,'suvs'),
	('Baller Sport','baller3',60000,'suvs'),
	('Cavalcade','cavalcade2',55000,'suvs'),
	('Contender','contender',70000,'suvs'),
	('Dubsta','dubsta',45000,'suvs'),
	('Dubsta Luxuary','dubsta2',60000,'suvs'),
	('Fhantom','fq2',17000,'suvs'),
	('Grabger','granger',50000,'suvs'),
	('Gresley','gresley',47500,'suvs'),
	('Huntley S','huntley',40000,'suvs'),
	('Landstalker','landstalker',35000,'suvs'),
	('Mesa','mesa',16000,'suvs'),
	('Mesa Trail','mesa3',40000,'suvs'),
	('Patriot','patriot',55000,'suvs'),
	('Radius','radi',29000,'suvs'),
	('Rocoto','rocoto',45000,'suvs'),
	('Seminole','seminole',25000,'suvs'),
	('XLS','xls',32000,'suvs'),
	('Bifta','bifta',12000,'offroad'),
	('Bf Injection','bfinjection',16000,'offroad'),
	('Blazer','blazer',6500,'offroad'),
	('Blazer Sport','blazer4',8500,'offroad'),
	('Brawler','brawler',45000,'offroad'),
	('Bubsta 6x6','dubsta3',120000,'offroad'),
	('Dune Buggy','dune',8000,'offroad'),
	('Guardian','guardian',45000,'offroad'),
	('Rebel','rebel2',35000,'offroad'),
	('Sandking','sandking',55000,'offroad'),
	('The Liberator','monster',210000,'offroad'),
	('Trophy Truck','trophytruck',60000,'offroad'),
	('Trophy Truck Limited','trophytruck2',80000,'offroad'),
	('blazer5', 'blazer5', 1755600, 'offroad'),
	('Ruiner 2', 'ruiner2', 5745600, 'muscle'),
	('Yosemite', 'yosemite', 485000, 'muscle'),
	('riata', 'riata', 380000, 'offroad'),
	('Hermes', 'hermes', 535000, 'muscle'),
	('Kamacho', 'kamacho', 345000, 'offroad'),
	('Hustler', 'hustler', 625000, 'muscle')
;